ASN,OrgName,Type
AS15169,Google LLC,Data Center
AS16509,"Amazon.com, Inc.",Data Center
AS13335,"Cloudflare, Inc.",CDN
AS9009,M247 Ltd,VPN Provider
AS54600,PEG TECH INC,VPN
AS8100,QuadraNet,Data Center / VPN
AS20473,"Choopa, LLC (Vultr)",VPS / VPN
AS16276,OVH SAS,Hosting / VPN
AS14061,"DigitalOcean, LLC",VPS
AS211252,Proton VPN AG,VPN
AS12876,Online S.A.S.,VPN
AS24940,Hetzner Online GmbH,Data Center
AS54641,Fastly,CDN
AS21788,Peak 10,Data Center
AS202425,Windscribe Limited,VPN
AS397270,Private Internet Access,VPN
AS12271,Charter Communications,ISP
AS36352,ColoCrossing,Hosting / Proxy
AS32181,GigeNET,Data Center
AS58065,Packet Exchange,VPN
AS208722,Tefincom S.A. (NordVPN),VPN
AS62713,OVPN Integritet AB,VPN
AS54113,Fastly,CDN
AS399587,Private Layer Inc,VPN / Hosting
AS62904,"Strong Technology, LLC",VPN
AS9002,RETN Limited,Transit / VPN
AS16265,Leaseweb,Data Center
AS49544,i3D.net,Gaming / VPS
AS46606,Unified Layer,Hosting
AS29073,Quasi Networks LTD,VPN / Proxy
AS53667,FranTech Solutions (BuyVM),VPN / VPS
AS12897,HEG US Inc.,Hosting
AS4837,CHINA UNICOM,Transit / Risk
AS212238,Atlas VPN,VPN
AS31798,Canadacom Inc.,VPN
AS60068,MisterHost.NET GmbH,Hosting
AS62490,Advania Island ehf,VPN
AS30266,Cedar Valley Tech,VPN / Proxy
AS20454,SSAE 16,Data Center
AS33070,Rackspace Hosting,Data Center
AS22612,"Namecheap, Inc.",Hosting
AS35916,MULTACOM CORPORATION,VPN
